costa rica,	costa rica
costs rica	costa rica
cota rica	costa rica
cuba,	cuba
curacao,	curacao
cyprus,	cyprus
denmark,	denmark
djibouti,	djibouti
djiboutii	djibouti
dominica,	dominica
ffrench polynesia	french polynesia
french polynesia,	french polynesia
fiji,	fiji
francce	france
france,	france
french guiana,	french guiana
french polynesia,	french polynesia
french polynesia,	french polynesia
gabo,	gabon
gabon,	gabon
gambia,	gambia
germany,	germany
ghana,	ghana
gibraltar,	gibraltar
granada	grenada
greece,	greece
greenland,	greenland
grenada,	grenada
guadaloupe	guadeloupe
guadeloupe,	guadeloupe
guadeloupe.	guadeloupe
guam,	guam
guatemala,	guatemala
guayana	guyana
guinea,	guinea
guinea.	guinea
guinee	guinea
guyana,	guyana
haiti,	haiti
hoduras	honduras
holand	poland
honduras,	honduras
hong kong,	hong kong
iceland,	iceland
india,	india
indonesia,	indonesia
indonesia.	indonesia
iran,	iran
ireland,	ireland
israel,	israel
italy,	italy
ivory coast,	ivory coast
jamaica,	jamaica
jaoan	japan
japan 	japan
japan,	japan
japan?	japan
japoan	japan
jiji	fiji
jordan,	jordan
kenya,	kenya
kiribati,	kiribati
kuwait,	kuwait
liberia,	liberia
m<exico	mexico
madagacar	madagascar
madagascar,	madagascar
madasgascar	madagascar
malaysia,	malaysia
maldive,	maldives
maldives,	maldives
malta,	malta
marchall islands	marshall islands
marocco	morocco
marshal islands	marshall islands
marshall iskands	marshall islands
marshall island	marshall islands
marshall islands,	marshall islands
martinique,	martinique
mauritania,	mauritania
mauritius,	mauritius
mautitius	mauritius
maxico	mexico
mazambique	mozambique
merxico	mexico
mesico	mexico
mexico 	mexico
mexico,	mexico
mexico.	mexico
mexicoa	mexico
mexics	mexico
mexiso	mexico
mexzico	mexico
micronesia,	micronesia
monaco,	monaco
morocco,	morocco
morrocco	morocco
mozambique 	mozambique
mozambique,	mozambique
mozambique.	mozambique
mozamboque	mozambique
namibia,	namibia
netherland	netherlands
netherland antilles	netherlands antilles
netherland,	netherlands
netherlands antilles,	netherlands antilles
netherlands antiloes	netherlands antilles
netherlands,	netherlands
new caldonia	new caledonia
new caledonia,	new caledonia
new caledonia.	new caledonia
new zealand,	new zealand
new zealand.	new zealand
new zealend	new zealand
newe zealand	new zealand
nexico	mexico
nicaaragua	nicaragua
nicaragua,	nicaragua
nigeria,	nigeria
norway,	norway
oma,	oman
oman,	oman
oman.	oman
omar	oman
pakistan,	pakistan
palau,	palau
panam,	panama
panama 	panama
panama,	panama
panama.	panama
panma	panama
papau new guinea	papua new guinea
papua new guinea,	papua new guinea
papua new guinea.	papua new guinea
papua new guines	papua new guinea
peru,	peru
philipines	philippines
philippiens	philippines
philippine,	philippines
philippines 	philippines
philippines,	philippines
philippines.	philippines
philippinews	philippines
philippins	philippines
philippnes	philippines
philiuppines	philippines
phillippines	philippines
philppines	philippines
phulippines	philippines
poland,	poland
porrtugal	portugal
portugal,	portugal
potugal	portugal
puero rico	puerto rico
puerto rica	puerto rico
puerto ricco	puerto rico
puerto rico,	puerto rico
puerto risco	puerto rico
puerto riso	puerto rico
puerton rico	puerto rico
reunion,	reunion
romania,	romania
russia,	russia
saint lucia,	saint lucia
salomon islands	solomon islands
samoa,	samoa
sao tome and principe,	sao tome and principe
saudi arabia,	saudi arabia
scri lanka	sri lanka
senegal,	senegal
senegal.	senegal
sengal	senegal
seychelles,	seychelles
sierra leone,	sierra leone
singapore,	singapore
skri lanka	sri lanka
soiuth africa	south africa
solomon isalands	solomon islands
solomon isdlands	solomon islands
solomon island	solomon islands
solomon island,	solomon islands
solomon islands,	solomon islands
solomon islands.	solomon islands
solomon islands,	solomon islands
somali,	somalia
somalia,	somalia
south affrica	south africa
south afica	south africa
south africa,	south africa
south africsa	south africa
south korea,	south korea
south sfrica	south africa
spain,	spain
sri lanka,	sri lanka
sudan,	sudan
surinam	suriname
surinam,	suriname
suriname,	suriname
switzerland,	switzerland
tailand	thailand
taiwan,	taiwan
tanzania,	tanzania
thailand,	thailand
thaiwan	taiwan
thiland	thailand
tiawan	taiwan
tonga,	tonga
tongo	togo
trinidad and tobago,	trinidad and tobago
tunesia	tunisia
tunisia,	tunisia
turkey,	turkey
u. s. virgin islands	u.s. virgin islands
u.s. virgin islands,	u.s. virgin islands
united states,	united states
uganda,	uganda
unitd states	united states
united arab emirates,	united arab emirates
united kingdom,	united kingdom
united sates	united states
united staes	united states
united state	united states
united state 	united states
united state,	united states
united states 	united states
united states,	united states
united states.	united states
united statesn	united states
united strates	united states
united tates	united states
unites states	united states
unted states	united states
uruguay,	uruguay
vanuatu,	vanuatu
venezuela,	venezuela
viet nam	vietnam
viet-nam	vietnam
vietnam,	vietnam
western sahara,	western sahara
yemen,	yemen
united sattes	united states
