Costa Rica,
Costs Rica
Cota Rica
Cry Lanka
Cuba
Cuba,
Cuddalore,
Curacao
Curacao,
Cylon,
Cyprus,
Dahlail
Dahlik Island,
Dahlok,
Dakar
Denmark
Denmark,
Diego Garcia,
Djibouti
Djibouti (T.F.A.I.)
Djibouti Republic,
Djibouti,
Djibouti, TFAI
Djiboutii
Djiibouti,
Dominica
Dominica Republic,
Dominica,
Dominican Republic
FFrench Polynesia
FK-001
FK-003
FK-006
FK-013
FK-016
FK-017
FK-018
FK-023
FK-035
FK-036
FK-039
FK-044
FK-047
FK-048
FK-049
FK-050
FK-051
FK-053
FK-056
FK-057
FK-061
FK-063
FK-064
FK-066
FK-067
FK-069
FK-072
FK-077
FK-081
FK-089
FK-091
FK-092
FK-100
FK-101
FK-104
FK-108
FK-109
FK-111
FK-112
FK-115
FK-117
FK-118
FK-119
FK-121
FK-122
FK-123
FK-125
FK-128
FK-131
FK-133
FK-134
FK-135
FK-136
FK-138
FK-139
FK-140
FK-142
FK-143
FK-146
FK-148
FK-149
FK-153
FK-154
FK-155
FK-156
FK-164
FK-166
FK-167
FK-169
FK-17
FK-171
FK-175
FK-176
FK-177
FK-178
FK-179
FK-191
FK-192
FK-193
FK-195
FK-198
FK-199
FK-200
FK-202
FK-205
FK-206
FK-207
FK-210
FK-212
FK-215
FK-217
FK-220
FK-221
FK-224
FK-226
FK-228
FK-229
FK-232
FK-233
FK-234
FK-236
FK-237
FK-238
FK-239
FK-240
FK-241
FK-242
FK-243
FK-244
FK-246
FK-249
FK-250
FK-251
FK-252
FK-253
FK-254
FK-255
FK-258
FK-260
FK-262
FK-263
FK-264
FK-265
FK-268
FK-270
FK-275
FK-276
FK-35
FK-36
FK-38
FK-428
FK-49
FK-55
FK-619
FK-66
FK-78
FK-90
FK-92
FK-98
FK-no data
FKP-RB 1598
FRench Polynesia,
Fed States of Micronesia,
Fed States of Micronesoa,
Fed.States of Micronesia,
Fifi,
Figi Islands,
Fiji
Fiji Is.,
Fiji Island
Fiji Island,
Fiji Islands
Fiji Islands,
Fiji,
Florida
Florida Keys
Florida,
Formosa
Formosa Strait
Formosa Straits
Formosa,
Found at the site of a
Francce
France
France,
Frd States of Micronesia,
French Africa,
French Antilles
French Antilles,
French Guiana
French Guiana,
French Plynesia,
French Polonysia,
French Polymesia,
French Polynasia,
French Polyneasia,
French Polynesia
French Polynesia,
French Polynisia,
French Poolynesia,
French Poynesia,
French Somaliland
French Territories,
French Territory,
French West Africa,
French West Indies
French West Indies,
French polynesia,
Frendh Polynesia,
Friendly Islands
From Gorges Banks
Gabo,
Gabon
Gabon(?)
Gabon,
Gaboon,
Galapagos
Galapagos Island
Galapagos Island,
Galapagos Islands
Galapagos Islands,
Galapagos,
Gambia
Gambia,
Germany
Germany,
Ghana
Ghana,
Ghana, West Africa,
Gibraltar
Gibraltar Zone
Gibraltar,
Gilbert Island
Gilbert Islands
Gilbert Islands,
Gorda Banks Area
Granada
Grand Bahama Island
Grand Bahamas Island
Grand Cayman
Grand Cayman Island
Grand Cayman Island,
Grand Cayman Islands
Grand Cayman Islands,
Great Bahama Islands,
Great Britain
Great Britain,
Great Britton,
Greece
Greece,
Greenland
Greenland,
Grenada
Grenada,
Grenadine Islands,
Grenadines
Grenadines,
Guadakcanal,
Guadal Canal
Guadal Canal,
Guadalcanal
Guadalcanal,
Guadaloupe
Guadaloupe,
Guadaloupe.
Guadalupe,
Guadeloupe
Guadeloupe,
Guadeloupe.
Guadelupe Island,
Guadelupe,
Guam
Guam Is.,
Guam,
Guanica Harbor
Guatemala
Guatemala,
Guayana
Guaymas,
Guinea
Guinea,
Guinea.
Guinee
Guinee Bisau,
Guinee,
Gulf of Aden
Gulf of Aden,
Gulf of Akaba,
Gulf of Aqaba
Gulf of Aqaba,
Gulf of California
Gulf of California,
Gulf of Carpentaria
Gulf of Eilat
Gulf of Eilat,
Gulf of Guinea
Gulf of Guinea,
Gulf of Mexico
Gulf of Mexico,
Gulf of Oman
Gulf of Oman,
Gulf of Panama
Gulf of Panama,
Gulf of Suez
Guyana,
Hai Pai Group,
Haiti
Haiti,
Hawaii
Hawaii,
Hawaiian Islands
Hawaiian Islands,
Heron Island
Hoduras
Hoduras,
Holand
Holland
Holland,
Hondoras,
Honduras
Honduras,
Honduraw,
Hong Kong
Hong Kong,
Hongkong,
Hungary
Iceland
Iceland,
Imrali Island
Inagua,
India
India,
Indian Ocean
Indian ocean
Indo Pacific
Indo Pacific Ocean
Indo- Pacific
Indo-Pacific
Indonesia
Indonesia,
Indonesia-Malayasia,
Indonesia.
Indonisia,
Ionian Sea
Iran
Iran,
Iraq
Ireland
Ireland,
Island N. of Mauritius,
Island of Java
Island of Mauritius
Island of Tonga
Island of Trinidad
Isle Of Samar
Isle of Man
Israel
Israel,
Italien Somaliland
Italy
Italy,
Itlay,
Ivory Coast
Ivory Coast,
Jalisco,
Jamaica
Jamaica,
Janaica,
Janpan,
Jaoan
Japan
Japan 
Japan (cutured)
Japan Kii,
Japan Sea,
Japan Seas
Japan Seas,
Japan,
Japan, Honshu,
Japan/Philippines
Japan?
Japana,
Japoan
Jaqpan,
Java
Java,
Jiji
Johnston Island
Jordan
Jordan Side,
Jordan side,
Jordan,
Juan De Fuca Straits,
Jugosalavia
Kamerun
Kanton Island,
Karimata Strait
Kavaii
Keeling Island,
Kenya
Kenya Area,
Kenya,
Kerguelea Island,
Kerguelin Island,
Kermadec Island,
Kermadec Islands
Kermadec Islands,
Kingdom  of Tonga,
Kingdom of Tonga,
Kiribati,
Kivajalein
Kor Bon Island,
Korea
Korea Straits,
Korea,
Kurilian Islands,
Kuwait
Kuwait,
Kwajalein
Kwajalein Atoll
Kwajalein,
La Reunion
La Reunion Island
Laos
Las Villas
Lawson Island,
Leeward Islands
Leeward Islands,
Leeward Islands.
Lesser Antilles,
Liberia
Liberia,
Lima,
Line Is.,
Line Islands,
Lines Islands,
Loo Choo Island
Loo Choo Islands
Los Santos
Louanda
Lower Mexico
Loyalty Islands
Loyalty Islands,
Luzon,
M<exico
Macaw Bay
Macten,
Madagacar
Madagascar
Madagascar & St. Thomas
Madagascar N.W.,
Madagascar NW
Madagascar south West
Madagascar,
Madagascar, N.W.
Madagascar, N.W.,
Madagasgar,
Madagscar,
Madascar
Madasgascar
Madegascar,
Madeira
Madeira Island
Magellanic Provence
Magellanic Province
Maine, USA
Malagasy Republic
Malagasy Republic,
Malagasy,
Malaita Island,
Malawi
Malaya
Malaya,
Malayasia,
Malaysia
Malaysia,
Malaysian Borneo
Maldive Islands
Maldive Islands,
Maldive,
Maldives
Maldives Islands,
Maldives,
Malesia
Malta
Malta,
Maltese Islands,
Maluccas
Manihi,
Marahll Islands,
Marakei Atoll,
Marchall Islands
Marchall Islands,
Marguesas Islands
Mariana Is.,
Mariana Islands
Mariana Islands,
Mariana Islnds
Marianas Id.,
Marianas Islands
Marianas Islands,
Marianas,
Marianna Islands,
Marinduque Island
Marinduque,
Marocco
Maroturi, Easter Island,
Marquesa Island
Marquesa Islands,
Marquesas
Marquesas Archipelago,
Marquesas Fracture Zone,
Marquesas Is.,
Marquesas Island
Marquesas Island,
Marquesas Islands
Marquesas Islands (Fr.),
Marquesas Islands,
Marquesas Iswlands,
Marquesas,
Marqueses Islands
Marquessa Islands,
Marquesus Islands,
Marruecos
Marshal Islands
Marshal Islands,
Marshall Is.,
Marshall Iskands
Marshall Island
Marshall Islands
Marshall Islands,
Martinique
Martinique Island,
Martinique,
Mascarene Islands,
Mauritania
Mauritania,
Mauritania, West Africa
Mauritius
Mauritius,
Mauritus,
Mautitius
Maxico
Maxico,
Mazambique
Mazatlan,
McMurdo Sound,
Medeterranian Sea
Mediteranean Sea
Mediterranean
Mediterranean Sea
Mediterranean Seaa
Mediterranian Sea
Mediterrenean
Merxico
Mesico
Mexicco,
Mexico
Mexico 
Mexico,
Mexico, Jalisco,
Mexico, Nayarit,
Mexico.
Mexicoa
Mexics
Mexiso
Mexzico
Micronesia
Micronesia & Red Sea
Micronesia Islands
Micronesia,
Midway Is,
Midway Is.
Midway Is.,
Midway Island
Midway Island,
Midway Islands,
Midway,
Mindanao,
Misella
Mocambique,
Mollucas
Molucca [Indonesia]
Moluccas
Mombasa
Monaco,
Morocco
Morocco,
Moroco,
Morrocco
Mozambique
Mozambique 
Mozambique (?),
Mozambique,
Mozambique.
Mozambique?,
Mozamboique,
Mozamboque
Muscat
Museera Island
Mwxico,
N. Borneo,
N. E. Honduras,
N. E. Taiwan,
N. Of New Zealand,
N. W. Madagascar
N.E.Somalia
N.Peru
N.W. Australia
N.W. Australia,
N.W. Madagascar
N.W.Australia
N.W.Australia,
N.W.Madagascar
N.W.Madagascar,
NCM # 1875 (?)
NCM # 252
NE Taiwan
NE. of Taiwan,
NE.Taiwan,
NW Madagascar
Nambia,
Namibia,
Namoruito Atoll,
Naqara Reef,
Nassau
Natal
Nay of Panama
Nayarit,
Ne Brittan
Near Mozambique
Near South India
Neterland Antilles,
Netherland
Netherland A ntilles,
Netherland Antilles
Netherland Antilles,
Netherland Antilles.
Netherland Antillles
Netherland Antllles
Netherland West Indies
Netherland West Indies,
Netherland,
Netherlands
Netherlands Anilles,
Netherlands Antilles
Netherlands Antilles,
Netherlands Antiloes
Netherlands,
Nethertland Antilles
Netrherland Antilles,
New Britain
New Britain,
New Britiain,
New Brittan
New Caldonia
New Caldonia,
New Caledonia
New Caledonia Island,
New Caledonia,
New Caledonia.
New Caleonia,
New Calidonia,
New Foundland
New Georgia Island
New Georgia,
New Guinea
New Guinea,
New Guineas
New Guines,
New Hebrides
New Hebrides Islands
New Hebrides Islands,
New Hebrides,
New Herbrides Islands,
New Hibrides,
New Holland
New South Shetland Island
New Zaland,
New Zealanand,
New Zealand
New Zealand (??)
New Zealand Samoa
New Zealand,
New Zealand, Northland,
New Zealand, S.Island,
New Zealand,S.Island,
New Zealand.
New Zealend
New Zeland,
New Zewaland,
Newe Zealand
Newfoundland
Newtherland Antilles,
Nexico
Niangara
Niantic River
Nicaaragua
Nicaragua
Nicaragua ? ,
Nicaragua,
Nicobar Islands
Nicobar Islands,
Niger
Nigeria
Nigeria,
Niue Island
Niue Island,
No data
North Africa
North Australia
North Borneo
North Borneo,
North Carolina
North Carolina,
North Cylon
North East Africa,
North End Gulf of Akaba
North Island
North Madagascar
North Madagascar Island
North Pacific Ocean,
North Red Sea
North Sea
North Sea of Australia
North Sri Lanka
North Taiwan
North Taiwan Straits
North West Africa
North West Australia
North West Borneo
North West of Tasmania,
North sea
Northeast Australia,
Northeast Brazil
Northeast Taiwan,
Northern Mariana Islands
Northern Mariana,
Northern Marianas,
Northern New Guinea,
Northwest Harbor (?)
Norway
Norway,
Nossi-Be,
Not Cited
Nova Scotia
Nwetherland Antilles,
Off Algeria
Off Algiers
Off Argentina
Off Barbados
Off Bengazi
Off Bimini
Off Brazil
Off Coast of Kenya
Off Costa Rica
Off England
Off Greece
Off Guam
Off Gulf of Aden
Off Iceland
Off Islade Altemura
Off Italy,
Off Japan
Off Jedda,
Off Liberia
Off Lorenzo Island
Off Madagascar
Off Malaya
Off Marocco
Off Mozambique Island
Off N.E. Taiwan
Off NE Taiwan
Off Nicaragua
Off North Coast of Brazil
Off North West Australia
Off Northern Brazil
Off Northern Sri Lanka
Off Norway
Off Pitcirn Island
Off Pueto Rica
Off S.W.Sri Lanka
Off SW New Caledonia,
Off Senegal
Off South Iceland
Off Sri Lanka
Off Taiwan
Off West Nicaragua
Off the coast of Belgium
Off the coast of South Africa
Off the coast of southern Norway
Oil Islands,
Okhotsk Sea
Okinawa
Okinawa Is.,
Okinawa,
Oma,
Oman
Oman,
Oman.
Omar
Omar,
Oriente Provincce
Pacific
Pacific Coast,
Pacific Islands
Pacific Islands,
Pacific Ocean
Pakistan
Pakistan,
Palau
Palau ( Blau)
Palau (Belau)
Palau (Belau),
Palau ISlands
Palau Island,
Palau Islands
Palau Islands,
Palau,
Palau, (Belau),
Palawan,
Palestine
Palestine,
Pamana,
Pamban,
Panam,
Panama
Panama 
Panama (?)
Panama Bay
Panama Canal
Panama Canal Zone
Panama Canal Zone,
Panama,
Panama,(?)
Panama.
Panamic province
Panma
Panma,
Papau New Guinea
Papua New Guinea
Papua New Guinea,
Papua New Guinea.
Papua New Guines
Papua New Guines,
Papua, New Guinea,
Papua-New Guinea,
Peal Leyos(?)
Pelau (Belau)
Pelau (Belau),
Penang
People Republic of China
Persian Gulf
Persian Gulf,
Peru
Peru,
Phailand,
Philipine Islands
Philipine Islands,
Philipine Isslands,
Philipines
Philipines,
Philipinnes
Philipione Islands,
Philippiens
Philippine Is.
Philippine Is.,
Philippine Island
Philippine Island,
Philippine Islands
Philippine Islands,
Philippine,
Philippines
Philippines 
Philippines (?)
Philippines ,
Philippines ?
Philippines Is.
Philippines Islands,
Philippines,
Philippines.
Philippinews
Philippinnes,
Philippins
Philippins,
Philippnes
Philippones,
Philiuppines
Phillipine Islands,
Phillipines
Phillipines,
Phillippines
Philppines
Philuppines,
Phlippines,
Phoenix Group,
Phoenix Islands
Phoenix Islands,
Phoenix islands,
Phulippines
Pitcairn Island
Pitcairn Island,
Pitcarn Island
Pohnpei,
Pohnpei, ?
Poland
Poland,
Polynesia
Polynesia,
Polynesian Islands,
Porrtugal
Porto Rico
Porto Rico,
Portugal
Portugal,
Portugese East Africa
Portugese West Africa
Portuguese East Africa
Potugal
Potugal,
Prince Ed./Crozet Isls.,
Puero Rico
Puero Rico,
Puert Rico,
Puerto Rica
Puerto Rica,
Puerto Ricco
Puerto Rico
Puerto Rico,
Puerto Ricoa,
Puerto Risco
Puerto Riso
Puerto _x000B__x000B_PuertoRico
Puerto rico
PuertoRico,
Puerton Rico
Purchased in Somalia
Qeensland,
Queensland,
RB-1598
RESERVED FOR MIKKELSEN
Red Sea
Red Sea,
Reef off Bimini
Reefs,
Rep. South Africa,
Rep. of Palau,
Rep.of Djibouti,
Republic of Djibouti
Republic of Djibouti,
Republic of Palau,
Republic of Palau,,
Republic of Panama
Republic of Pelau,
Republic of Seychelles,
Reunion
Reunion Island
Reunion Island,
Reunion Islands,
Reunion,
Revillagigedo Is.,
Rhode Island,
Rio Mundi
Rio Mundi,
Rio Muni
Rio Muni,
Riomuni
Riomuni,
Romania
Romania,
Rosalind Banks,
Russia
Russia,
Ryukukii Island
Ryukyu Is.,
Ryukyus Island
S Coast of Arabia
S. Africa,
S. Australia
S. E. Arabia,
S. Sri Lanka,
S. Taiwan
S. W. Taiwan,
S. Yemen,
S.E.
S.E. Arabia,
S.E. India
S.E. Madagascar
S.E.,
S.E.Arabia
S.E.India,
S.Tome Island
S.W.
S.W. Australia
S.W. Bermuda,
S.W. Madagascar
S.W. Taiwan
S.W. Taiwan,
S.W.,
S.W.Madagascar
SE Africa
SE Madagascar
SE coast of Tobago
SGo TomT & Principe,
SW Madagascar
SW Puerto Rico
SW Zanzibar
Sabah,
Sabari Island
Saint Lucia,
Saipan
Saipan,
Salomon Island
Salomon Islands
Salomon Islands,
Samar,
Samoa
Samoa Is.,
Samoa Islands
Samoa Islands,
Samoa,
Samoan Islands,
San Salvador
Sandwich Islands
Santa Cruz,
Santa Lucia
Santa Lucia,
Santo Domingo
Sao Thome Island,
Sao TomT & PrincipT,
Sao Tome
Sao Tome & Principe
Sao Tome & Principe,
Sao Tome Island
Sao Tome Island,
Sao Tome and Principe
Sao Tome and Principe,
Sao Tome,
Sao Tom‚ & Princip‚
Saudi Arabia
Saudi Arabia (?)
Saudi Arabia,
Saudi Ararbia,
Saya de Mahla Bank,
Saya de Malha Bank,
Saya-de-Malha Banks,
Sayha de Malha Bank,
Scotland
Scotland (?)
Scotland,
Scri Lanka
Sea of Cortez
Sea of Japan
Sea of Marmara
Sea of Marmora
Sechelle Idslands
Sechelle Islands
Senegal
Senegal,
Senegal.
Sengal
Seychelle Islands
Seychelle Islands,
Seychelles
Seychelles Islands
Seychelles Islands,
Seychelles,
Seyshelles Islands,
Shetland Islands
Siam
Siam [Thailand]
Sicilly Isles
Sicily
Sicily,
Sierra Leone
Sierra Leone,
Sinai Peninsula
Sinai Peninsula,
Sinai,
Singapore
Singapore,
Siracusa
Skri Lanka
Snegal,
So. Australia
Sociery Islands,
Society Is.,
Society Island
Society Island,
Society Islands
Society Islands,
Soiuth Africa
Solomon Ids.,
Solomon Is.,
Solomon Isalands
Solomon Isdlands
Solomon Island
Solomon Island,
Solomon Islands
Solomon Islands Group
Solomon Islands,
Solomon Islands.
Solomon Isles
Solomon islands,
Solomons
Solomons Islands,
Solomons,
Somali,
Somalia
Somalia,
Somaliland
Somaliland,
Somoa,
Sonora,
South  Yemen,
South Affrica
South Afica
South Africa
South Africa (?)
South Africa,
South Africsa
South America
South America,
South America?
South Argentina
South Arica,
South Atlantic
South Austrailia
South Australia
South Australia,
South Burma,
South China Sea
South China Sea,
South Coast
South East Africa
South East Arabia
South Georgia Island,
South Gulf of California
South India
South Japan
South Java
South Korea
South Korea,
South Mediterranean Sea
South Mozambique
South Orcades,
South Pacific Ocean
South Philippines
South QAfrica,
South Sea
South Sea Ilands,
South Sea Islands,
South Seas
South Sfrica
South Taiwan
South Thailand
South West Africa
South West Africa,
South West Pacific
South West of Java,
South West of Taiwan
South West,
South Yemen,
South of India
South of Reunion Island,
South shore of Bermuda
South,
South-East Asia
South-West off Angola,
South-West,
SouthAfrica
Southern Australia,
Southern California,
Southern Cook Islands
Southern Coral Sea,
Southern France
Southern India,
Southern Japan
Southern Japan,
Southern Madagascar,
Southern Mozambique
Southern Puerto Rico,
Southland,
Southwest Australia
Southwest,
Soviet Union
Spain
Spain,
Spanis Morocco
Spanish Africa,
Spanish Harbor (?)
Spanish Marocco
Spanish Marocco,
Spanish Morocco
Spanish Morocco,
Spanish Moroco
Spanish North Africa
Spanish North Africa,
Spanish Sahara,
Spanish West Africa,
Springfield,
Sri Lanca (Cylon)
Sri Lanka
Sri Lanka (Ceylon)
Sri Lanka (Ceylon),
Sri Lanka,
Sri Lanka,(Ceylon)
St Thomas
St. Bart's
St. Bart's,
St. Barts
St. Croix
St. Croix,
St. Helena Island,
St. Johns
St. Lucia
St. Lucia,
St. Maartens
St. Martin's
St. Martin,
St. Martyn's
St. Martyn's Island
St. Martyn's,
St. Thomas
St. Thomas Bay
St. Thomas Bay,
St. Thomas Island,
St. Thomas,
St. Thomnas Bay
St. Vincent & Grenadines,
St. Vincent Island,
St. Vincent,
St.Croix
St.Helene Island,
St.Inez Area
St.Johns
St.Lucia,
St.Maartens
St.Martyn's,
St.Thomas
St.Thomas Bay
St.Thomas Bay,
St.Thomas,
St.Vincent Island,
State of Alazoos,
Str. of Flores
Straits of Formosa
Straits of Gibraltar,
Straits of Malacca,
Straits of Taiwan
Strat of Sicily
Sudan
Sudan Republic
Sudan,
Sultanate Of Oman,
Sulu Sea
Sumatra
Sumatra,
Sumda Lesser Islands
Sumda Lsser Islands
Surinam
Surinam,
Suriname,
Sweden
Switzerland,
Sƒo Tom‚ & Principe
Tabago
Tabago Island
Tahiti
Tahiti,
Tailand
Taiwan
Taiwan Channel,
Taiwan Straight
Taiwan Straits
Taiwan Straits,
Taiwan,
Taken off Argentina
Taken off Costa Rica
Taken off Sri Lanka
Tansania,
Tanzania
Tanzania,
Tasmania
Tasmania,
Tazania,
Texas,
Thailand
Thailand,
Thaiwan
Thatcher Ferry Bridge,
The Gambia
The Gambia,
The Grenadine Islands,
The Grenadines,
Thiland
Thousand Islands
Tiawan
Tobago
Tobago & Trinidad,
Tobago Cays
Tobago,
Tom' Harbor (?)
Tonga
Tonga Island
Tonga Island,
Tonga Kingdom,
Tonga,
Tongo
Transkei,
Trawled off Chile
Tres Marias Group
Trieste
Trinidad
Trinidad & Tabago,
Trinidad & Tobago
Trinidad & Tobago,
Trinidad and Tabago,
Trinidad and Tobago
Trinidad and Tobago,
Trinidad,
Trinoidad & Tobago,
Tristan da Cunha Group
Trondheim
Tropical Caribbean
Trucial States,
Truk Islands
Truk Islands,
Truk,
Tuamoto Archip.
Tuamoto,
Tuamotos Islands
Tuamotu Arch.,
Tuamotu Archapelago,
Tuamotu Archipelago
Tuamotu Archipelago,
Tuamotu Archipellago,
Tuamotu Islands,
Tuamotu,
Tuamotus Archipelago
Tuamotus Archipelago,
Tuamotus Island,
Tuamotus Islands,
Tuamotus,
Tumon Bay
Tunesia
Tunisia
Tunisia,
Tuomotu Islands,
Tuomotus Island,
Tuomotus,
Turk & Caicos Islands,
Turkey
Turkey,
Turks & Caicos Is.
Turks & Caicos Is.,
Turks & Caicos Islands,
Turks and Caicos Islands
Tutuila,
U. S. S. R.,
U. S. Virgin Islands
U.S. Virgin Islands
U.S. Virgin Islands,
U.S.A,
U.S.A.
U.S.A.,
U.S.Pacific Islands,
U.S.S.R.
U.S.S.R.,
U.S.Virgin Islands,
UDA
UNited States
UNited States,
US
US New York
US Virgin Islands
US Virgin Islands,
US/Mexico
USA
USA 
USA North Carolina
USA,
USA?
USA? 
USSR
USSR,
USa
UUnited States,
Uganda
Uganda,
Unbited States,
Unitd States
Unite4d States,
United Arab Emirates
United Arab Emirates,
United Kingdom
United Kingdom,
United Kingdom, England
United Sates
United Sates,
United Srtates,
United Staes
United Staes,
United State
United State 
United State,
United Statea of America,
United States
United States 
United States of America
United States,
United States, Delaware,
United States, East Coast
United States, Florida,
United States,,
United States,Calif.,
United States.
United Statesn
United Statetes
United Steates,
United Strates
United Strates,
United Sttaes,
United states
United tates
UnitedStates,
Unitede States,
Unites Staes
Unites States
Unites States,
Unknown
Unted States
Uruguay
Uruguay & Brazil,
Uruguay or Brasil,
Uruguay,
Uruhuay,
Ussr
Vanuata,
Vanuatu
Vanuatu,
Vanuatu,(New Hebrides)
Venezuala,
Venezuela
Venezuela,
Venezuelz,
Venzuela,
Vessel Caden III
Viet Nam
Viet Nam,
Viet-Nam
Vietnam
Vietnam,
Vigin Islands,
Virgin ISlands
Virgin Ilands
Virgin Island
Virgin Island,
Virgin Islanda
Virgin Islands
Virgin Islands,
Virgin Isles,
Virgin islands
Viri Islands
W. Australia
W. Caroline Islands
W. India
W. Zanzibar
W.Australia,
W.Nicaragua
W.Thailand,
Wake Island
Wake Island,
Wales
Washington State
Water Island,
Water Isle,
West Africa
West Africa,
West America
West Australia
West Australia (?)
West Australia,
West Borneo
West Borneo,
West Brunei,
West Central America
West Ceylon
West Colombia
West Cuba
West India
West Indies
West Indies (?)
West Indies or Bermuda
West Indies,
West Java
West Malaysia
West Mexico
West Mexico to Panama
West Mexico,
West Nicaragua
West Pacific
West Panama
West Sahara,
West Samao
West Samoa
West Scotland
West Thailand
West Thailand,
West africa
West indies
West. Australia,
WestSamoa
Western Africa,
Western Australia
Western Australia,
Western Carolina Islands,
Western Caroline Islands,
Western Mexico
Western Mexico,
Western Pacific
Western Panama,
Western Sahara
Western Sahara,
Western Samoa
Western Samoa,
Western Scotland
Western Solomon Islands
Western Thailand,
Windward Islands
Windward Islands,
World Wide Seas
Yap Island
Yap Island,
Yap Islands,
Yemen
Yemen,
Yogoslavia
Yougoslavia
Yougoslavia & Tunisia
Yougoslavia,
Yugoslavia
Yugoslavia,
Zaire
Zaire,
Zambia
Zanzebar
Zanzibar
Zanzibar,
Znzibar Island
from Indian Ocean
in Bay of Panama
israel
locality unknown
mexico
near El Salvador,
no data
no locality
north Holland
north of New Guinea,
northeast of Venezuela,
northern Europe
off Algeria
off Alggeria
off Algier
off Australia
off Belize
off Chile
off Dominican Republic
off Gabon coast
off Guam
off India
off Mauritania
off Mozambique
off New Caledonia
off New Guinea
off New Zealand
off South Africa
off Sri Lanka
off St. Vincent Island
off Taiwan
off Thailand
off United Kingdom
off West Australia
off West Thailand
off Yemen
off southern Brazil
oriental
south Australia
southwest of Taiwan,
united Sattes
united States
unknown
unknown locality
usa
western Australia
